{
  "project_info": {
    "project_number": "443849965437",
    "firebase_url": "https://myruns-c069a.firebaseio.com",
    "project_id": "myruns-c069a",
    "storage_bucket": "myruns-c069a.appspot.com"
  },
  "client": [
    {
      "client_info": {
        "mobilesdk_app_id": "1:443849965437:android:8eec6eababae44a6",
        "android_client_info": {
          "package_name": "io.github.httpsdmena105.myruns"
        }
      },
      "oauth_client": [
        {
          "client_id": "443849965437-toprj09t7l56po6o3cd23j89tea2huf1.apps.googleusercontent.com",
          "client_type": 3
        }
      ],
      "api_key": [
        {
          "current_key": "AIzaSyDDb1olTrCYwdzSKdQdCmnTkqlg9p_FQDY"
        }
      ],
      "services": {
        "analytics_service": {
          "status": 1
        },
        "appinvite_service": {
          "status": 1,
          "other_platform_oauth_client": []
        },
        "ads_service": {
          "status": 2
        }
      }
    }
  ],
  "configuration_version": "1"
}